Id,Title,Description,Programmes,Date,Link
65108865,"Ambani, Adani: Should India break up its big conglomerates?",A former deputy governor of India's central bank says five big firms are hindering competition in the market.,NewsSectionIndia,30 March,https://www.bbc.co.uk/news/world-asia-india-65108865
64949877,Adani Group: Chhattisgarh tribes' year-long protest against tycoon's coal mine,Why Chhattisgarh's tribal people are against a new coal mine owned by the Adani Group.,NewsSectionIndia,20 March,https://www.bbc.co.uk/news/world-asia-india-64949877
p0dk9z6x,India: The Modi Question,Investigating tensions between Indian PM Narendra Modi and the country’s Muslim minority.,SectionBBC Two,,https://www.bbc.co.uk/programmes/p0dk9z6x
64832362,Adani Group: Embattled Indian giant strikes $1.87bn US deal,The investment will be split among four Adani companies including flagship business Adani Enterprises.,NewsSectionBusiness,3 March,https://www.bbc.co.uk/news/business-64832362
m001hthm,The Media Show: BBC's Modi Documentary Controversy,The Indian government asks Twitter and YouTube to take down a new documentary.,SectionBBC  World News,3 February,https://www.bbc.co.uk/programmes/m001hthm
64820716,Gautam Adani: India Supreme Court sets up panel to probe Adani fraud allegations,The court has appointed a five-member panel to probe fraud allegations against the billionaire.,NewsSectionIndia,2 March,https://www.bbc.co.uk/news/world-asia-india-64820716
64593277,Gautam Adani: Will tycoon’s wealth woes hit India’s green energy dreams?,Adani Group has seen its market value plunge after a US firm made fraud allegations against it.,NewsSectionIndia,20 February,https://www.bbc.co.uk/news/world-asia-india-64593277
b06qbnm8,Modi at Wembley,Coverage of Indian prime minister Narendra Modi's UK visit.,SectionBBC Asian Network,13 November 2015,https://www.bbc.co.uk/programmes/b06qbnm8
64633419,Adani: India watchdog probing Hindenburg fraud allegations,The conglomerate had more than $100bn wiped off its stock market value after the claims.,NewsSectionBusiness,14 February,https://www.bbc.co.uk/news/business-64633419
64508129,Fraud claims against Adani Group spark political row in India,Indian opposition leaders demand an investigation into the Adani Group amid allegations of financial fraud.,NewsSectionIndia,3 February,https://www.bbc.co.uk/news/world-asia-india-64508129
