Id,Title,Description,Author,Date,Link
1287916,"Japan to use more confrontational words against China in diplomacy paper, harming bilateral ties and regional stability ", met with Indian Prime Minister Narendra Modi in New Delhi and announced an action plan for a new Indo..., Wang Qi ,2023/03/24,https://www.globaltimes.cn/page/202303/1287916.shtml
1287707,GT Voice: Japan to be bogged down in India’s infrastructure debacles," boost the Chinese economy gets from its infrastructure progress, the Modi government has also...", Global Times ,2023/03/22,https://www.globaltimes.cn/page/202303/1287707.shtml
1287712,Kishida’s ‘secret’ visit to Kiev not to have much impact on Ukraine crisis: experts, Minister Narendra Modi in New Delhi. It is rare for a Japanese leader to make an unannounced trip..., GT staff reporters ,2023/03/22,https://www.globaltimes.cn/page/202303/1287712.shtml
1287572,Japan’s diplomacy is heading toward ‘abnormalization’: Global Times editorial, Prime Minister Narendra Modi to the Group of Seven G7 summit to be held in Hiroshima in May. Japan..., Global Times ,2023/03/20,https://www.globaltimes.cn/page/202303/1287572.shtml
1287617,Kishida's India trip carries ambitious geopolitical dream too big for his boots, formal invitation to Indian Prime Minister Narendra Modi to the G7 summit on Monday is an obvious..., Global Times ,2023/03/20,https://www.globaltimes.cn/page/202303/1287617.shtml
1287628,Kishida's India visit raises concerns of bloc confrontation, counterpart Narendra Modi attend a joint media briefing at the Hyderabad House in New Delhi on March..., GT staff reporters  ,2023/03/20,https://www.globaltimes.cn/page/202303/1287628.shtml
1287280,How India tries to interfere in and take control of Bhutan," of Indian aid in South Asia. In December 2018, Indian Prime Minister Narendra Modi announced a Rs...", Sun Xihui ,2023/03/15,https://www.globaltimes.cn/page/202303/1287280.shtml
1287261,India has a long way to go to compete with China in semiconductors depsite US support,", according to media reports.brbrIn contrast, Indian Prime Minister Narendra Modi said in August 2022...", Ma Jingjing ,2023/03/14,https://www.globaltimes.cn/page/202303/1287261.shtml
1286962,Holi festival of colours celebrated across India, phones.brbrIndian President Droupadi Murmu and Prime Minister Narendra Modi also greeted people on Holi..., Xinhua ,2023/03/09,https://www.globaltimes.cn/page/202303/1286962.shtml
1286853,The hype of China-India ‘water gun’ competition not conducive to Asia’s economy," the launch of the Make in India initiative by the Modi government in 2014, there has been a lot...", Hu Weijia ,2023/03/08,https://www.globaltimes.cn/page/202303/1286853.shtml
