Title,Description,Author,Link
Why Adani’s $100 Billion Loss Hasn’t Tanked India’s Markets,The steadfastness of India’s economy attests to the size and seeming strength of the country’s broader business landscape.,Alex Travelli,https://www.nytimes.com//2023/02/11/business/india-adani-market.html?searchResultPosition=1
Gautam Adani’s Rise Was Intertwined With India’s. Now It’s Unraveling.,"The tycoon often said the Adani Group’s goals were in lock step with India’s needs. Now, the company’s fortunes are crashing, a collapse whose pain will be felt across the country.",Alex Travelli,https://www.nytimes.com//2023/02/04/business/adani-modi-india.html?searchResultPosition=2
Wall Street Has a Lot Riding on the Fed’s Rate Decision,"Stocks and bonds are on an impressive run so far this year, driven by hopes the Federal Reserve will slow down, or even pause, its interest rate increases.","Andrew Ross Sorkin, Ravi Mattu, Bernhard Warner, Sarah Kessler, Michael J. de la Merced, Lauren Hirsch and Ephrat Livni",https://www.nytimes.com//2023/02/01/business/dealbook/markets-fed-rates-stocks-bonds.html?searchResultPosition=3
A Tech Giant Closes In on a Pricey Funding Round,Stripe’s plan to raise billions at a lower valuation underlines the challenges facing start-ups seeking money as the market for new listings stays shut.,"Andrew Ross Sorkin, Ravi Mattu, Bernhard Warner, Sarah Kessler, Michael J. de la Merced, Lauren Hirsch and Ephrat Livni",https://www.nytimes.com//2023/01/31/business/dealbook/stripe-fundraising-thrive-valuation.html?searchResultPosition=4
A Short Seller Costs an Indian Giant Billions,"The Adani Group, the Indian conglomerate run by Asia’s wealthiest man, has gone on the offensive to fight fraud allegations by an American investor.","Andrew Ross Sorkin, Ravi Mattu, Bernhard Warner, Sarah Kessler, Michael J. de la Merced, Lauren Hirsch and Ephrat Livni",https://www.nytimes.com//2023/01/30/business/dealbook/adani-short-seller-hindenburg.html?searchResultPosition=5
Tesla Bulls Are Back at the Wheel,"Shares in the electric carmaker continued to rally after the company reported strong profits, even amid growing competition and economic pressures.","Andrew Ross Sorkin, Ravi Mattu, Bernhard Warner, Sarah Kessler, Michael J. de la Merced, Lauren Hirsch and Ephrat Livni",https://www.nytimes.com//2023/01/26/business/tesla-profit-stock.html?searchResultPosition=6
A Short Seller Takes Aim at an Indian Corporate Giant,"Hindenburg Research accused the Adani Group of orchestrating the “largest con in corporate history,”  sending shares of its companies tumbling on Wednesday.","Andrew Ross Sorkin, Ravi Mattu, Bernhard Warner, Sarah Kessler, Michael J. de la Merced, Lauren Hirsch and Ephrat Livni",https://www.nytimes.com//2023/01/25/business/dealbook/short-seller-hindenburg-adani.html?searchResultPosition=7
Coal Baron or Climate Warrior? The Dizzying Rise of Asia’s Richest Man.,The business decisions of Gautam Adani could go a long way in determining whether India helps the world avert a climate catastrophe.,Emily Schmall and Hari Kumar,https://www.nytimes.com//2022/10/28/business/gautam-adani-coal-climate.html?searchResultPosition=8
"Adani, Embattled Indian Company, Scraps $2.5 Billion Share Sale","The cancellation of the offering is a blow to the company and its billionaire owner, Gautam Adani.",Bernhard Warner,https://www.nytimes.com//2023/02/01/business/adani-enterprises-share-sale.html?searchResultPosition=9
"Expelling Rahul Gandhi From Parliament, Modi Allies Thwart a Top Rival",The expulsion of Rahul Gandhi is a devastating blow to the once-powerful Indian National Congress party. He and several other politicians are now in jeopardy through India’s legal system.,Alex Travelli and Suhasini Raj,https://www.nytimes.com//2023/03/24/world/asia/india-gandhi-modi.html?searchResultPosition=10
