Title,Description,Author,Date,Link
Adani Group gets dreaded downgrade as protests in India continue,"The conglomerate, which has denied any wrongdoing, has since seen $110 billion wiped off the value of its seven listed firms.",Reuters,"February 10, 2023 ",https://nypost.com/2023/02/10/gautam-adanis-firms-hit-with-moodys-downgrades/
Gautam Adani facing another setback as key index probes free float of stocks,The billionaire has seen some $110 billion wiped off the value of seven firms in the group he founded.,Reuters,"February 9, 2023 ",https://nypost.com/2023/02/09/gautam-adani-facing-another-setback-as-key-index-probes-free-float-of-stocks/
Indian government asks people to hug cows on Valentine’s Day,India’s government-run animal welfare department has appealed to citizens to mark Valentine’s Day this year not as a celebration of romance but as “Cow Hug Day” to better promote Hindu...,Associated Press,"February 9, 2023 ",https://nypost.com/2023/02/09/indian-government-asks-people-to-hug-cows-on-valentines-day/
India PM blasts 'lies and abuse' by critics over ties to Gautam Adani,"Narendra Modi said that Indians will not swallow ""lies and abuse"" against him, as critics accuse his government of giving favors to a business group led by Gautam Adani.",Reuters,"February 8, 2023 ",https://nypost.com/2023/02/08/india-pm-modi-blasts-lies-and-abuse-by-critics-over-his-ties-to-gautam-adani/
Meet Asia's richest man: Accused by Hindenburg of ‘largest con in corporate history’,"The mega-billionaire industrialist is chairman of Adani Group, a sprawling $21 billion conglomerate.",Thomas Barrabi,"January 25, 2023 ",https://nypost.com/article/who-is-gautam-adani-accused-of-largest-con-by-hindenburg-research/
